VTV1,VTV2,VTV3,VTV4,VTV5,VTV5 Tây Nam Bộ,VTV5 Tây Nguyên,VTV6,VTV7,VTV8,VTV9,VTVCab1,VTVCab17 - Yeah 1,VTVCab2 - PhimViet,VTVCab3 - Thể thao TV,VTVCab6 - HayTV,VTVCab7 - D Dramas,VTVCab8 - BiBi,VTVLive
00:00 - Thời sự 0h -  ,00:00 - Những mảnh ghép của cuộc sống - Vị thế của Biển,00:00 - Phim truyện - Đôi cánh tình yêu - Tập 38,00:00 - Bản tin tiếng Việt 0h -  ,00:00 - Phim tài liệu - Về lại mái nhà xưa,00:00 - Phim tài liệu - Về lại mái nhà xưa,00:00 - Phim tài liệu - Về lại mái nhà xưa,00:00 -  - ,00:00 -  - ,00:00 -  - ,00:00 - Thể thao -  ,00:00 - Sao và sự kiện - Tập 300,00:00 -  - ,00:00 -  - ,00:00 - WTA Tour 2018 Miami Open - Vòng 2,00:00 - Chân tình bốn phương - Tập 149 - 150,00:00 - Phim truyện - Liêu trai 4 - Tập 32,00:00 -  - ,00:00 - Ký sự - Ký sự: Từ những miền quê - Tiếng gọi chim trên rừng Bạch Mã
00:15 - Cảm ơn cuộc đời - Mẹ của chúng con,00:30 - Phóng sự - Người Dao Thanh Y ở Hoành Bồ,00:50 - Khám phá thế giới - Những khu vườn độc đáo - Tập 4: Khu vườn Diễn giải vũ trụ,00:20 - Sức sống thể thao -  ,00:30 - Bạn nhà nông - Phát triển cây mắc ca ở Lâm Đồng,00:30 - Bạn của nhà nông - Phát triển cây mắc ca ở Lâm Đồng,00:30 - Bạn nhà nông - Phát triển cây Mac ca ở Lâm Đồng,01:00 - Phim truyện - Nguyệt thực - Tập 24,06:00 - Thức dậy cùng VTV7 -  ,05:00 - Chuyện biển chuyện người - Mùa ốc gạo sinh sôi,00:30 - Hòa điệu đất Chín Rồng - Cõng mẹ đi chơi,00:30 - Sao thế giới - Tập 140,00:30 - Filler show - Chuyện Gia Đình Vàng Số 27,00:02 - Phim truyện - Trại cá sấu - Tập 3,02:00 - WTA Tour 2018 Miami Open - Vòng 2,02:00 - Phim sitcom - Nè biết gì chưa - Tập 103,01:30 - Phim truyện - Quý bà cảnh sát - Tập 13,"06:00 - Phim hoạt hình - Bob, chàng thợ xây chăm chỉ - Tập 24",00:45 - Bữa trưa vui vẻ - Bữa trưa vui vẻ - 02/3/2018
00:30 - Hòa nhạc thính phòng - Gặp gỡ mùa xuân - Phần 2,00:45 - Khám phá thế giới - Những công việc của người Nhật Bản - Phần 11,01:20 - Điều ước thứ 7 -  ,00:25 - Thời tiết du lịch -  ,01:00 - Khám phá thế giới - Cuộc sống ở Nam Thái Bình Dương - Phần 5,01:00 - Khám phá thế giới - Cuộc sống ở Nam Thái Bình Dương - Phần 5,01:00 - Khám phá thế giới - Thám tử thức ăn - Tập 3,01:45 - Bảng xếp hạng âm nhạc Hàn Quốc -  ,07:00 - Crack'em up - Số 18,05:15 - Gặp gỡ cuối tuần -  ,02:00 - Từ biên cương đến hải đảo -  ,01:00 - Chuyện khó đỡ - Tập 76,00:45 - Bật mí bí mật - Số 27,01:00 - Phim truyện - Đi qua mùa gió - Tập 1,04:00 - WTA Tour 2018 Miami Open - Vòng 2,02:30 - Câu chuyện nghệ thuật - Số 02,02:00 - Phim truyện - Hồng hải đường - Tập 3,06:30 - Phim hoạt hình - Thuyền trưởng Flinn và đội quận hải tặc - Tập 25,02:25 - Nào cùng phong cách - Nào cùng phong cách - Số 92 - 02/3/2018
01:00 - Thời sự 1h -  ,01:30 - Phim truyện - Thiên hạ - Tập 4,02:10 - Chuyện đêm muộn - Nước mắt trên màn ảnh,00:30 - Talk Vietnam - Đêm mơ mình nói tiếng Việt Nam,02:00 - Bố ơi! Mình đi đâu thế? -  ,02:00 - Bố ơi! Mình đi đâu thế? -  ,02:00 - Đường lên đỉnh Olympia -  ,02:15 - Khám phá thế giới - Đảo Maurice - Thiên đường du lịch,07:30 - Đường đến trường - Hạn chót,05:25 - Chào buổi sáng Bông lúa -  ,02:20 - Cơm ấm nhà mình -  ,02:00 - Khám phá Malaysia cùng Martin Yan Phần 2 - Tập 12,01:00 - Ca nhạc - Yeah1 On Stage Số 12,02:00 - Phim truyện - Cú hích trên không - Tập 10,06:00 - Ngoại hạng Anh 17/18 Vòng 31 - Leicester City - Arsenal,03:00 - Ca nhạc - VZ Playlist - Tập 109,03:00 - Phim truyện - Liêu trai 4 - Tập 33,07:00 - Phim hoạt hình - Hành tinh - Tập 8,02:40 - Alo8!8!8! - Alo8!8!8! - 02/3/2018
01:10 - Môi trường - Vì sao khó triển khai 3R,"02:15 - Sống vui - Bổ sung Canxi sai cách, khiến trẻ bị chậm tăng chiều cao - Phần 1","03:00 - Phim truyện - Tình bạn tri kỷ - Tập 43, 44",01:15 - Người Việt bốn phương -  ,"03:00 - Phim hoạt hình - Cầu vồng cổ tích - Tập 11, 12","03:00 - Phim hoạt hình - Cầu vồng cổ tích - Tập 11, 12","03:00 - Phim hoạt hình - Cầu vồng cổ tích - Tập 11,12",03:00 - Hôm nay ai đến? - Số 20,07:45 - Chuyện trường tôi - Tấm giấy chứng nhận học sinh tin yêu,06:00 - Chào ngày mới -  ,02:30 - X-Show - Chèo thuyền kayak và mê cung tình yêu,02:30 - Tình sâu hơn hận - Tập 5,02:00 - Gameshow - Gia Đình Tài Tử Số 67,03:00 - Phim truyện - Khát vọng xanh - Tập 8,07:30 - WTA Tour 2018 Miami Open - Vòng 2,04:00 - Tình yêu Chocolate - Tập 44,04:00 - Phim truyện - Bố dượng tuổi 30 - Tập 19,07:30 - Phim hoạt hình - Thế giới của Zou - Tập 50,03:10 - Mỗi ngày mỗi chuyện - Mỗi ngày mỗi chuyện
01:40 - Khám phá Việt Nam - Mộc bản Phúc Giang,02:25 - Đẹp 24/7 - Hiểu đúng về công nghệ nâng cơ hiện nay,04:30 - Vui - khỏe - có ích -  ,01:30 - Tường thuật - Tình em biển cả,03:30 - Ca nhạc -  ,03:30 - Ca nhạc -  ,03:30 - Ca nhạc -  ,03:30 - Thể thao - Tạp chí bóng đá thế giới,08:00 - Tiếng Anh THCS - Số 65,06:30 - Thông tin - Thông báo -  ,02:50 - Hương tình yêu -  ,03:30 - Sao và sự kiện - Tập 300,02:30 - Gameshow - Mv,04:00 - Phim truyện - Những đóa quân tử lan - Tập 14,09:30 - Tổng hợp Ngoại hạng Anh 17/18 - Vòng 31,05:00 - Chân tình bốn phương - Tập 149 - 150,05:00 - Phim truyện - Người tình của tôi - Tập 15,08:00 - Phim hoạt hình - siêu nhân vũ trụ - Tập 7,03:55 - Nét đẹp dân gian - Nét đẹp dân gian: Về miền đất tổ ca Trù
02:00 - Thời sự 2h -  ,02:30 - Khám phá thế giới - Sức mạnh của tự nhiên - Tập 2,05:10 - Bố ơi! Mình đi đâu thế? -  ,03:00 - Phim tài liệu - Đằng sau mặt nạ tuồng,04:00 - 360o Nhật Bản - 360o Nhật Bản - Tập 4,04:00 - 360 độ Nhật Bản -  ,04:00 - 360 0 Nhật Bản - Tập 4,04:00 - Phim truyện - Ngự lâm không kiếm - Tập 20,08:30 - Thế giới quanh ta - Số 2,06:35 - Phim truyện - Chung một mái nhà - Tập 65,03:00 - Gặp nhau để cười -  ,04:00 - Chuyện khó đỡ - Tập 76,02:45 - Chuyện gia đình vàng - Số 27,05:00 - Phim truyện - Quyến rũ - Tập 19,10:15 - V - League Guide XSKT Cần Thơ -  ,07:00 - Đội đặc nhiệm CID - Tập 75,06:00 - Phim truyện - Hồng hải đường - Tập 4,08:30 - Phim hoạt hình - Nhiệt huyết thần tượng - Tập 35,04:40 - Phim Sitcom - Phim Sitcom: Chuyện của bà Hóng - Ô sin đòi tăng lương
02:10 - Phim truyện - Tình yêu đong đầy - Tập 34,03:15 - Bạn của nhà nông -  ,06:00 - Nhịp đập 360 độ thể thao -  ,"03:30 - Việt Nam và Thế giới - Ngành khí tượng thủy văn: hội nhập quốc tế, tạo sức bật mới",04:30 - Phim truyện - Nữ đặc công X - Tập 27,04:30 - Phim truyện - Nữ đặc công X - Tập 27,04:30 - Phim truyện - Chhan Chhan xinh đẹp - Tập 28,04:45 - Khám phá Việt Nam - Không gian Việt ở Cố Viên Lầu,09:00 - Phim hoạt hình - Chú rô bốt của tôi - Tập 21,07:20 - Sắc màu các dân tộc - Cây đàn Bẹp,03:10 - Nhìn ra thế giới - Bên trong nhà máy - Tập 9,05:00 - Lời nguyền những vì sao - Tập 24,03:00 - Ca nhạc - Siêu Thị Âm Nhạc Số 128,06:00 - Phim truyện - Trại cá sấu - Tập 4,10:30 - V - League 2018 Vòng 2 - SHB Đà Nẵng vs Quảng Nam,08:00 - Ca nhạc - VZ Playlist - Tập 110,07:00 - Phim truyện - Liêu trai 4 - Tập 34,"09:00 - Phim hoạt hình - Bob, chàng thợ xây chăm chỉ - Tập 25",05:10 - Hôm nay ai đến? - Hôm nay ai đến? - Số 15 - 02/3/2018
03:00 - Thời sự 3h -  ,04:00 - Xem và nghĩ - Sự khôn ngoan của chim cu,06:45 - S- Việt Nam - Đặc sắc lễ hội làng Thổ Hà,04:00 - Phim cuối tuần - Những con búp bê,05:15 - Khám phá Việt Nam -  ,05:15 - Khám phá Việt Nam -  ,05:15 - Khám phá Việt Nam -  ,05:00 - Khám phá thế giới - Vườn quốc gia nước Mỹ - Tập 26,09:15 - Phim hoạt hình - Chú rô bốt của tôi - Tập 22,07:50 - Văn học - Nghệ thuật - Phố cũ hồn xưa,03:55 - Lắm người nhiều ma -  ,06:00 - Sao và sự kiện - Tập 300,04:00 - Gameshow - Bé Làm Người Lớn Số 16,07:00 - Phim truyện - Đi qua mùa gió - Tập 2,12:00 - Thể thao cập nhật -  ,09:00 - Phim sitcom - Nè biết gì chưa - Tập 103,08:00 - Phim truyện - Bố dượng tuổi 30 - Tập 20,09:30 - Phim hoạt hình - Thuyền trưởng Flinn và đội quận hải tặc - Tập 26,05:40 - Mái ấm yêu thương - Mái ấm yêu thương - 02/3/2018
03:10 - Tạp chí âm nhạc -  ,04:15 - Kỹ năng thoát hiểm - Lừa đảo qua mạng,06:50 - Cà phê sáng cuối tuần -  ,05:45 - Thời tiết du lịch -  ,05:30 - Chương trình tiếng Mông -  ,05:30 - Chương trình tiếng Khmer -  ,05:30 - Chương trình tiếng Gié Triêng -  ,05:30 - Hôm nay ai đến? - Số 21,09:30 - Xưởng thiết kế mộng mơ - Lễ hội hoá trang,08:15 - Nhịp cầu VTV8 - Số 6,04:10 - Khát vọng Việt Nam - Người nặng lòng với cây trái miệt vườn,06:30 - Khám phá Malaysia cùng Martin Yan Phần 2 - Tập 12,04:30 - Ca nhạc - Ẩm Thực Quanh Ta Số 12,08:00 - Phim truyện - Cú hích trên không - Tập 11,12:15 - Góc Khuất - Đỗ Thị Ngọc Châm,09:30 - Câu chuyện nghệ thuật - Số 02,09:00 - Phim truyện - Quý bà cảnh sát - Tập 14,10:00 - Phim hoạt hình - Những chuyến phiêu lưu ở vùng đất vỏ sò - Tập 63,06:10 - Vẻ đẹp phụ nữ Á Đông - Vẻ đẹp phụ nữ Á Đông: Múa tắm suối vũ điệu nhộn nhịp ngày xuân
04:00 - Thời sự 4h -  ,04:30 - Khám phá thế giới - Cuộc sống nơi thành thị,07:55 - Mỗi ngày một niềm vui -  ,06:00 - Người Việt bốn phương -  ,06:00 - Chương trình tiếng Dao -  ,07:40 - Ký sự Việt Nam - Đất và người - Sức hút của ngôi cổ tự được tạo tác từ đất,06:00 - Chương trình tiếng Cơ Ho -  ,06:00 - Bảng xếp hạng âm nhạc Hàn Quốc -  ,10:00 - Trường học VTV7 (Mầm non) - Lớp học cầu vồng - Số 4: Quả,08:30 - Nhịp sống miền Trung - Triển vọng lớn từ phiên chợ nhỏ,04:30 - Bí quyết phong cách -  ,06:55 - Nuôi dưỡng tâm hồn - Tập 150,05:00 - 360 độ thời trang - Số 12,09:00 - Phim truyện - Khát vọng xanh - Tập 9,13:00 - NBA 2017/2018 Regular Season Game 128 - Philadelphia vs Minnesota,10:00 - Tình yêu Chocolate - Tập 44,10:00 - Phim truyện - Liêu trai 4 - Tập 35,10:30 - Phim hoạt hình - siêu nhân vũ trụ - Tập 8,06:35 - Phim tài liệu - Phim tài liệu: Gia tộc vươn khơi
04:10 - Khám phá thế giới - Vương quốc xanh - Tập 3: Những gã khổng lồ của San Benedicto,05:00 - Khỏe thật đơn giản -  ,08:10 - Vương miện thần kỳ -  ,06:15 - Điều ước thứ 7 -  ,06:30 - Ca nhạc -  ,08:00 - Khám phá thế giới - Thực phẩm làm đẹp - Phần 2,06:30 - Chương trình  tiếng Gia Rai -  ,06:30 - Truyền hình trực tiếp - Giải việt dã và Marathon toàn quốc Báo Tiền phong 2018,10:30 - Trường học VTV7 (Trung học) - Follow us - Số 5 I Con đường nghề nghiệp - Chế biến nông sản,08:45 - Cảm ơn cuộc đời - Mẹ của chúng con,04:40 - Bay bổng Phương Nam - Miền cây xanh trái ngọt,07:00 - Nhà mình có biến - Tập 2,05:30 - Gameshow - Bạn Muốn Hẹn Hò Số 68,10:00 - Phim truyện - Những đóa quân tử lan - Tập 15,14:45 - Thích thì thử - Trải nghiệm hang động Tú Làn - Phần 2,11:00 - Chân tình bốn phương - Tập 149 - 150,11:00 - Phim truyện - Người tình của tôi - Tập 16,11:00 - Nhảy cùng BiBi - Số 35,07:30 - Xả xì chét - Xả xì chét: Chuyện trên xe
"05:10 - Chống buôn lậu, hàng giả - bảo vệ người tiêu dùng -  ",05:20 - Thức cùng ban mai -  ,09:00 - Vẻ đẹp phụ nữ Á Đông -  ,07:00 - Cà phê sáng -  ,07:00 - Chương trình tiếng Thái -  ,08:30 - Khoảng trời tuổi thơ -  ,07:00 - Chương trình  tiếng Chăm -  ,11:00 - Bảng xếp hạng âm nhạc Hàn Quốc -  ,11:00 - Edu Talk - Số 5,09:00 - Bản tin -  ,05:00 - Ca nhạc - Ca sĩ Hiền Thục,08:00 - Nhà mình có biến - Tập 3,06:00 - Filler show - Chuyện Gia Đình Vàng Số 27,11:00 - Phim truyện - Quyến rũ - Tập 20,15:00 - Giaacs mơ thể thao - Hoàng Thế Vinh ( bóng rổ),13:00 - Đội đặc nhiệm CID - Tập 75,12:00 - Phim truyện - Bố dượng tuổi 30 - Tập 21,11:30 - Phim hoạt hình - Bộ ba thám tử chuột - Phần 2 - Tập 10,07:40 - Mỗi ngày một niềm vui - Mỗi ngày một niềm vui - 02/3/2018
05:25 - Chào buổi sáng -  ,05:45 - Chân trời khoa học -  ,09:10 - Sáng tạo Việt -  ,08:00 - Nghệ thuật và Cuộc sống - Chuyện nàng ngọc nữ - Tập 3,07:30 - Khám phá thế giới - Đời sống các loài cá - Phần 5,09:00 - Đường lên đỉnh Olympia -  ,07:30 - Ký sự - Mật của biển - Tập 8,11:30 - Nào cùng phong cách - Số 99,12:00 - Phim hoạt hình - Chú rô bốt của tôi - Tập 21,09:15 - Tư vấn sức khỏe - Cảnh giác với bệnh lao phổi,05:30 - Chào buổi sáng Bông lúa -  ,08:50 - Thông tin tiêu dùng Giải Trí -  ,06:15 - Bật mí bí mật - Số 27,12:00 - Phim truyện - Trại cá sấu - Tập 5,15:15 - NBA Action 12 - 18 -  ,14:00 - Phim sitcom - Nè biết gì chưa - Tập 104,13:00 - Phim truyện - Quý bà cảnh sát - Tập 15,12:00 - Siêu sao tài năng nhí - Số 14,08:30 - Nét ẩm thực Việt - Nét ẩm thực Việt - 02/3/2018
06:58 - V - Việt Nam - Tinh hoa nghề khắc gỗ Bảo Hà,06:15 - Sáng kiến - Giải pháp -  ,10:00 - Bản lĩnh nhóc tỳ - Tập 29,08:30 - Bizline - Thương mại điện tử Việt Nam bắt nhịp với thế giới,08:00 - Ca nhạc -  ,09:45 - Phim tài liệu - Trông lên rất đẹp,08:00 - Danh nhân Việt Nam - Hoàng giáp Tam Đăng,11:55 - Thời tiết -  ,12:15 - Phim hoạt hình - Chú rô bốt của tôi - Tập 22,10:05 - Tư vấn tiêu dùng -  ,06:00 - Kết nối hàng Việt -  ,08:55 - Nuôi dưỡng tâm hồn - Tập 150,06:30 - Phim truyện - Như Giọt Sương Ngủ Muộn Số 03,13:00 - Phim truyện - Đi qua mùa gió - Tập 3,15:45 - Bóng đá nghệ thuật - ATW & HTW,14:30 - Câu chuyện nghệ thuật - Số 03,14:00 - Phim truyện - Họa mi đừng hót - Tập 34,12:30 - Ngôi sao Bibi - Số 17,08:35 - Phim tài liệu - Phim tài liệu: Con đường bí ẩn - Tập 5
07:00 - Báo chí toàn cảnh -  ,06:45 - Sống khỏe mỗi ngày - Đông y điều trị thoái hóa đốt sống cổ,10:50 - Không gian xanh - Kiến trúc sư Đặng Ngọc Tú - Góc nhỏ trên cao,"09:00 - Việt Nam và Thế giới - Ngành khí tượng thủy văn: hội nhập quốc tế, tạo sức bật mới",08:15 - Sống khỏe mỗi ngày - Suy giãn tĩnh mạch,10:30 - Phim truyện - Ngự lâm không kiếm - Tập 9,08:30 - Ca nhạc -  ,12:00 - Bữa trưa vui vẻ -  ,12:30 - Toán học diệu kỳ - Số 7,10:15 - Người nông dân hiện đại - Tây Nguyên trù phú,06:15 - Sáng Phương Nam - VTV9 -  ,09:00 - Sao thế giới - Tập 140,07:30 - Ca nhạc - Yeah1 On Stage Số 12,14:00 - Phim truyện - Cú hích trên không - Tập 12,16:00 - Thể thao cập nhật -  ,15:00 - Tình yêu Chocolate - Tập 44,15:00 - Phim truyện - Hồng hải đường - Tập 5,13:00 - Phim hoạt hình - Những chuyến phiêu lưu ở vùng đất vỏ sò - Tập 64,09:25 - Cà phê khởi nghiệp - Cà phê khởi nghiệp - 02/3/2018
07:30 - Thanh âm cuộc sống - Thắp lửa trái tim,07:15 - Phổ biến kiến thức - Khi đàn chim bay đi,11:00 - 100 triệu 1 phút -  ,09:30 - Phim tài liệu - Đằng sau mặt nạ tuồng,09:00 - Đường lên đỉnh Olympia -  ,11:15 - Tôi thành công - Sắc lan Tả Phìn,09:00 - Khám phá thế giới - Thế giới võ thuật - Tập 11,"13:00 - Truyền hình trực tiếp - Trận chung kết, Lễ bế mạc Giải cầu lông quốc tế Ciputra Vietnam 2018",12:50 - Điều kỳ diệu của khoa học - Số 43,10:55 - Chuyện biển chuyện người - Nghề không phụ người,07:00 - Ca nhạc - Sắc màu tình yêu,09:30 - Sao và sự kiện - Tập 300,08:30 - Mv mới - Mv,15:00 - Phim truyện - Khát vọng xanh - Tập 10,16:15 - Không phải ai cũng biết - Smash nâng cao,16:00 - Chân tình bốn phương - Tập 149 - 150,16:00 - Phim truyện - Quý bà cảnh sát - Tập 16,13:30 - Phim hoạt hình - Nhiệt huyết thần tượng - Tập 33,09:40 - Ký sự - Ký sự: Từ những miền quê - Tiếng gọi chim trên rừng Bạch Mã
08:00 - 90 phút để hiểu -  ,07:30 - Khám phá thế giới - Hồi sinh nghề thủ công truyền thống - Tập 1,11:40 - Gia đình vui vẻ - Gia đình chị Loan - Phần 2,10:00 - Phim cuối tuần - Những con búp bê,09:45 - Tiểu phầm hài - Ngũ long công chúa,11:30 - Bản tin thời sự -  ,10:00 - VTV5 kết nối -  ,16:30 - Khám phá thế giới - Vườn quốc gia nước Mỹ - Tập 26,13:00 - Bóng bóng và 7 câu hỏi địa lý - Kinh tế dịch vụ,11:10 - VTV kết nối -  ,07:30 - Về đất phương Nam - Về miền sông trăng,10:00 - Chuyện khó đỡ - Tập 76,08:35 - Gameshow - Bạn Muốn Hẹn Hò Số 68,16:00 - Phim truyện - Những đóa quân tử lan - Tập 16,16:30 - WTA Tour 2018 BNP Paribas Open - Chung kết,18:00 - Đội đặc nhiệm CID - Tập 76,17:00 - Phim truyện - Người tình của tôi - Tập 17,14:00 - Phim hoạt hình - Bộ ba thám tử chuột - Phần 2 - Tập 11,10:05 - Bữa trưa vui vẻ - Bữa trưa vui vẻ - 02/3/2018
09:30 - Toàn cảnh thế giới - Thay đổi nhân sự cấp cao tại Nhà Trắng,08:00 - Đi đâu ? ăn gì ? - Tp. Hồ Chí Minh - Những điểm đến thú vị,12:00 - Cố lên con yêu -  ,11:45 - Tinh hoa nghề Việt - Nghệ thuật làm tranh từ hoa lá tự nhiên,10:00 - Nhịp sống VTV5 -  ,11:50 - Thông tin nông nghiệp -  ,10:30 - Phim truyện - Chiều ngang qua phố cũ - Tập 26,17:00 - Thể thao - Tổng hợp Vòng 3 giải bóng đá VĐQG 2018,13:15 - Math Dorm - Hình học,11:15 - Giờ chơi đến rồi - Vườn rau của bé,08:10 - Ca nhạc -  ,10:55 - Thông tin tiêu dùng Giải Trí -  ,09:00 - Ca nhạc - Ẩm Thực Quanh Ta Số 12,17:00 - Phim truyện - Quyến rũ - Tập 21,18:00 - Thể thao cập nhật -  ,19:00 - Tình yêu Chocolate - Tập 45,18:00 - Phim truyện - Hồng hải đường - Tập 6,14:30 - Nhảy cùng BiBi - Số 1,11:05 - Hành trình 24h - Hành trình 24h (12h55) - 02/3/2018
10:00 - Chìa khóa thành công - Doanh nghiệp gia đình - Bài toán nhân tài - Phần 1,08:30 - Đi tìm đồng đội -  ,13:00 - Đường lên đỉnh Olympia -  ,12:00 - Bản tin tiếng Việt 12h -  ,"10:30 - Phim truyện - Zippo, Mụt tạt và em - Tập 14","12:00 - Phim truyện - Tìm lại tình yêu - Tập 7, 8","11:15 - Phim hoạt hình - Cầu vồng cổ tích - Tập 11,12",17:30 - Chúng ta là một gia đình -  ,13:30 - IELTS FACE OFF - Family,11:30 - Bản tin -  ,08:40 - Rong ruổi đất phương Nam - Về Phú Yên thăm làng nghề truyền thống,11:00 - Khám phá Malaysia cùng Martin Yan Phần 2 - Tập 12,09:30 - 360 độ thời trang - Số 12,18:00 - Phim truyện - Trại cá sấu - Tập 6,18:15 - Ngoại hạng Anh 17/18 Vòng 31 - Liverpool vs Watford,20:00 - Chân tình bốn phương - Tập 151 - 152,19:00 - Phim truyện - Nàng dâu lắm chiêu - Tập 36,15:00 - Siêu sao tài năng nhí - Số 14,11:15 - Alo8!8!8! - Alo8!8!8! - 02/3/2018
10:45 - Vì cộng đồng - Chuyện người sơn nữ,09:00 - Cùng bạn chữa bệnh - Rối loạn tiêu hóa và cách điều trị,14:00 - Phim truyện - Nếu còn có ngày mai - Tập 6,12:30 - Tường thuật - Tình em biển cả,"11:15 - Phim hoạt hình - Những vũ công xứ sở thần tiên - Tập 33, 34",13:30 - Chương trình tiếng Khmer -  ,11:45 - Thời sự -  ,18:00 - Bảng xếp hạng âm nhạc Hàn Quốc -  ,14:00 - Con đường nghề nghiệp - Chế biến nông sản,12:00 - Phim Việt Nam - Ranh giới tình - Tập 26,09:00 - Vì nhân dân quên mình - Đón xuân trên công trình,11:30 - Sao thế giới - Tập 141,10:00 - Phim truyện - Chung Một Mái Nhà Số 19,19:00 - Phim truyện - Đi qua mùa gió - Tập 4,20:00 - Sân cỏ chủ nhật - N Thắng - Đức Hùng Live,22:00 - Đội đặc nhiệm CID - Tập 76,20:00 - Phim truyện - Người tình của tôi - Tập 18,15:30 - Phim hoạt hình - Thuyền trưởng Flinn và đội quận hải tặc - Tập 28,11:45 - Nào cùng phong cách - Nào cùng phong cách - Số 92 - 02/3/2018
11:00 - Thời sự 11h -  ,09:25 - Sống vui - Bổ sung canxi đúng cách và an toàn,14:50 - Rubic 8 -  ,14:00 - Câu chuyện văn hóa - Hướng phát triển của lụa Việt Nam,11:45 - Bản tin thời sự -  ,18:30 - Kết nối miền Tây -  ,11:55 - Bản tin thể thao -  ,18:30 - Biển Đông du ký - Số 12,14:15 - Đường tới trường - Hạn chót,12:50 - Alo8!8!8! -  ,09:20 - Sống với thiên nhiên - Năng lượng sạch ở ĐBSCL,12:00 - Lời nguyền những vì sao - Tập 25,11:00 - Gameshow - Gia Đình Tài Tử Số 67,20:00 - Phim truyện - Cú hích trên không - Tập 13,20:30 - NBA 2017/2018 Regular Season Game 128 - Philadelphia - Minnesota,23:00 - Ca nhạc - VZ Playlist - Tập 110,21:00 - Phim truyện - Quý bà cảnh sát - Tập 17,16:00 - Phim hoạt hình - Hành tinh - Tập 10,12:35 - Mỗi ngày mỗi chuyện - Mỗi ngày mỗi chuyện
11:15 - Chuyển động 24h -  ,09:30 - Khám phá thế giới - Những công việc của người Nhật Bản - Phần 12,15:10 - Chuẩn cơm mẹ nấu -  ,14:30 - Tạp chí tiếng Nhật -  ,11:55 - Bản tin thể thao -  ,18:55 - Bản tin thể thao -  ,"12:00 - Phim truyện - Tân bảng phong thần - Tập 59,60",18:55 - Thời tiết -  ,14:30 - Văn vui vẻ - Chuyện người con gái Nam Xương,13:00 - Phim truyện - Chung một mái nhà - Tập 66,09:40 - Bác sỹ của mọi nhà -  ,12:55 - Thông tin tiêu dùng Giải Trí -  ,11:30 - Phim truyện - Tân Bảng Phong Thần Số 80,21:00 - Phim truyện - Khát vọng xanh - Tập 11,22:00 - WTA Tour 2018 Miami Open Vòng 3 -  ,,22:00 - Phim truyện - Họa mi đừng hót - Tập 35,16:30 - Phim hoạt hình - siêu nhân vũ trụ - Tập 9,12:40 - Nét đẹp dân gian - Nét đẹp dân gian: Về miền đất tổ ca Trù
12:00 - Thời sự 12h -  ,10:15 - Quý hơn vàng - Làm gì khi bị đau nhức xương khớp tê bì chân tay,16:10 - Vì bạn xứng đáng -  ,15:00 - Giai điệu cuộc sống - Hòa nhạc thính phòng: Gặp gỡ mùa xuân  - Phần 1,"12:00 - Phim truyện - Bi kịch một gia tộc - Tập 15, 16",19:00 - Vì nền nông nghiệp xanh Tây Nguyên -  ,13:30 - Chương trình tiếng Xê Đăng -  ,19:00 - Bố ơi! Mình đi đâu thế? -  ,15:15 - Heo đất - Tiêu dùng hợp lý,13:50 - Sân khấu - Giếng thơi trong lòng phố,10:00 - Chuyện bác Ba Phi - Xưa và nay -  ,13:00 - Chuyện khó đỡ - Tập 76,12:30 - Phim truyện - Tình Mẹ Số 17,22:00 - Phim truyện - Những đóa quân tử lan - Tập 17,,,23:00 - Phim truyện - Hồng hải đường - Tập 6,17:00 - Phim hoạt hình - Chuyến du hành vào thế giới hội họa - Phần 2 - Tập 8,13:30 - Phim Sitcom - Phim Sitcom: Chuyện của bà Hóng - Ô sin đòi tăng lương
12:30 - Cặp lá yêu thương -  ,10:40 - Bạn của nhà nông - Sản xuất nông nghiệp bền vững,16:58 - Thời tiết -  ,15:30 - Văn học nghệ thuật - Hình ảnh và những giá trị lịch sử,13:30 - Chương trình tiếng Mông -  ,19:20 - Sản vật phương Nam - Cá chạch lấu dòng Mê Kông,14:00 - Chương trình tiếng Ê Đê -  ,19:45 - VTV kết nối -  ,15:30 - Trường học VTV7 (Mầm non) - Lớp học cầu vồng - Số 4: Quả,15:15 - Tác phẩm mới - Tháng Giêng,10:15 - Sức khỏe trong tầm tay -  ,13:55 - Nuôi dưỡng tâm hồn - Tập 150,13:30 - Phim truyện - Lắng Nghe Trái Tim Số 07,23:00 - Phim truyện - Quyến rũ - Tập 22,,,,17:30 - Phim hoạt hình - Thám hiểm không gian - Tập 11,14:20 - Hôm nay ai đến? - Hôm nay ai đến? - Số 15 - 02/3/2018
12:35 - Ấn tượng thể thao 7 ngày -  ,11:10 - Tôi là người đồng hành - Giao thông đường thủy nội địa và cáp treo Chùa Hương,17:10 - Đẹp Việt - Chị Phạm Thị Thanh Tâm,16:00 - Tường thuật - Lễ hội Hoa Ban 2018,14:00 - Chương trình tiếng Dao -  ,19:40 - Mùa vàng bội thu - Đường đi của rau sạch ở Trà Vinh,14:30 - Chương trình tiếng Gia Rai -  ,20:00 - Việc tử tế -  ,16:00 - Chinh phục kỳ thi - Vật lý,15:30 - Khám phá Việt Nam - Hồi sinh dòng tranh đỏ kim hoàng,10:45 - Phóng sự - Báo động tai nạn điện sản xuất,14:00 - Tình sâu hơn hận - Tập 6,14:30 - Mv mới -  ,,,,,18:00 - Nhảy cùng BiBi - Số 2,15:20 - Mái ấm yêu thương - Mái ấm yêu thương - 02/3/2018
13:00 - Hành trình 24h -  ,11:30 - Phim truyện - Hãy nắm tay anh - Tập 7,"17:15 - Phim truyện - Tình bạn tri kỷ - Tập 45, 46",17:30 - Cảm ơn cuộc đời - Mẹ của chúng con,14:30 - Chương trình tiếng Thái -  ,20:00 - Hòa điệu đất chín rồng - Sân khấu cải lương “Cõng mẹ đi chơi”,15:00 - Chương trình tiếng Chăm -  ,20:30 - Thương vụ bạc tỷ -  ,17:00 - Crack'em up - Số 18,15:45 - Vì hạnh phúc cộng đồng - Ngày công tác xã hội Việt Nam,11:00 - Bay bổng Phương Nam - Miền cây xanh trái ngọt,14:50 - Thông tin tiêu dùng Giải Trí -  ,14:35 - Gameshow - Khám Phá Biển Đảo Số 67,,,,,18:30 - Phim hoạt hình - Quyết đấu YoKwon do - Tập 30,16:10 - Vẻ đẹp phụ nữ Á Đông - Vẻ đẹp phụ nữ Á Đông: Múa tắm suối vũ điệu nhộn nhịp ngày xuân
13:10 - Phim truyện - Tình yêu đong đầy - Tập 35,12:15 - Chất lượng cuộc sống -  ,19:00 - Thời sự -  ,17:45 - Từ những miền quê - Chuyện về làng Gà ở Lâm Đồng,"15:00 - Phim hoạt hình - Cầu vồng cổ tích - Tập 11, 12",22:00 - Phim truyện - Cảnh sát Falco - Tập 5,15:30 - Bố ơi! Mình đi đâu thế? -  ,21:15 - Đồng hành - Cất cánh - Số 1,17:30 - Ú òa - Số 8,16:00 - Bản tin -  ,11:15 - Mỗi ngày mỗi chuyện -  ,15:00 - Sao và sự kiện - Tập 300,15:00 - Ca nhạc - Siêu Thị Âm Nhạc Số 128,,,,,19:00 - Phim hoạt hình - Đội bay siêu đẳng 3 - Phần 2 - Tập 4,16:20 - Phim tài liệu - Phim tài liệu: Gia tộc vươn khơi
14:00 - Ký sự - Từ những miền quê: Nhơn Lý - Chuyện của một ngư dân,13:00 - Pháp luật và Cuộc sống - Quyết toán thuế,19:55 - V - Việt Nam -  ,18:00 - Rubic 8 - Chung cư loạn chuyện - Tập 20,15:30 - Văn học nghệ thuật - Dáng quê hương và thiết kế,23:00 - Hài dân gian - Đánh cuộc tình duyên - Tập 3,15:45 - VTV kết nối -  ,21:30 - Toà tuyên án - Số 11,17:45 - Bộ đội vui nhộn - Số 42,16:15 - Chuyến xe buýt kỳ thú - Đến với công nhân Quảng Trị,11:30 - Tin tức - 11h30 -  ,15:45 - 7 nụ cười xuân - Tập 17,16:00 - Gameshow - Lớp Học Vui Nhộn Nhí Số 24,,,,,19:30 - Phim hoạt hình - Nhiệt huyết thần tượng - Tập 36,17:05 - Xả xì chét - Xả xì chét: Chuyện trên xe
14:15 - Câu chuyện văn hóa - Ấn tượng Việt Nam tại hội chợ du lịch quốc tế Berlin,"13:30 - Kinh doanh, dễ hay khó ? -  ",20:00 - Giai điệu chung đôi - Tập 9,18:15 - Hành trình di sản - Về với núi Hồng sông Lam,16:00 - Ca nhạc -  ,23:30 - Khám phá thế giới - Thực phẩm làm đẹp - Phần 1,17:00 - Phim truyện - Chiều ngang qua phố cũ - Tập 26,21:55 - Thời tiết -  ,18:00 - Phim hoạt hình - Chú rô bốt của tôi - Tập 21,17:00 - Phim truyện - Tiên nữ giáng trần - Tập 53,11:50 - Cơm ấm nhà mình -  ,16:50 - Thông tin tiêu dùng Giải Trí -  ,16:30 - Filler show - Ống Kính Số 351,,,,,20:00 - Ngôi sao Bibi - Số 19,17:15 - Mỗi ngày một niềm vui - Mỗi ngày một niềm vui - 02/3/2018
14:45 - VTV kết nối - Phim Việt tháng 3 trên VTV8,14:00 - Kinh doanh và pháp luật - Kiểm soát tập trung kinh tế,21:00 - Bótay.kom -  ,19:00 - Toàn cảnh thế giới - Thay đổi nhân sự cấp cao tại Nhà Trắng,16:30 - Quảng bá kênh VTV5 -  ,,18:00 - Thời sự -  ,22:00 - 360 độ thể thao -  ,18:15 - Phim hoạt hình - Chú rô bốt của tôi - Tập 22,17:50 - Thông tin - Thông báo -  ,12:00 - Phim truyện - Cô gái trên cây sa - kê - Tập 25,17:00 - Nhà mình có biến - Tập 4,16:45 - Phim sitcom - Tôi Là Ai Số 08,,,,,"20:30 - Phim hoạt hình - Biệt đội siêu khủng long - Tập 38, 39",18:00 - Nét ẩm thực Việt - Nét ẩm thực Việt - 02/3/2018
15:00 - Văn hóa Quân đội nhân dân - Sắc xanh tình nguyện,14:30 - Khám phá thế giới - Hồi sinh nghề thủ công truyền thống - Tập 2,21:15 - Bài hát hay nhất - Số 4,19:30 - Tinh hoa nghề Việt - Nghệ thuật làm tranh từ hoa lá tự nhiên,"17:00 - Phim truyện - Zippo, Mụt tạt và em - Tập 14",,18:20 - Bản tin thời tiết -  ,22:30 - Chuyến đi màu xanh - Số 12,18:30 - Văn vui vẻ - Chuyện người con gái Nam Xương,18:00 - Bản tin -  ,12:55 - Chuyện gia đình vàng -  ,17:45 - Nhà mình có biến - Tập 5,16:55 - Mv mới - Mv,,,,,21:00 - Phim hoạt hình - Bộ ba thám tử chuột - Phần 2 - Tập 12,18:15 - Phim tài liệu - Phim tài liệu: Con đường bí ẩn - Tập 5
15:30 - Doanh nhân và Hội nhập - Nặng lòng với vùng đất gốm,15:00 - Phóng sự - Cuốn sách cổ bằng đồng,22:55 - Quà tặng cuộc sống - Những người phá bỏ lời nguyền,19:45 - Tác phẩm mới - Quê mẹ người ơi,17:45 - Khám phá Việt Nam -  ,,18:25 - Bản tin thị trường -  ,23:00 - Nào cùng phong cách - Số 99,19:15 - Heo đất - Tiêu dùng hợp lý,18:40 - Nhìn thẳng -  ,13:00 - 8 Xi Nê -  ,18:30 - Khám phá Malaysia cùng Martin Yan Phần 2 - Tập 13,17:00 - Phim truyện - Tình Thù Ngiệt Ngã Số 220,,,,,21:30 - Siêu sao tài năng nhí - Số 14,18:45 - Cà phê khởi nghiệp - Cà phê khởi nghiệp - 02/3/2018
15:55 - Biển đảo quê hương - Lễ cầu ngư,15:15 - Nhà nông vui vẻ -  ,23:10 - Bí mật của tạo hóa - Vẻ đẹp mộc,20:00 - Tạp chí tiếng Nhật -  ,18:00 - Bản tin thời sự -  ,,"18:30 - Phim hoạt hình - Những chiến binh dũng cảm - Tập 27,28",23:30 - Thể thao - Giải bóng đá vô địch châu Á 2019: Việt Nam - Afghanistan,19:30 - Biệt đội Bichili - Chậm và đẹp,18:50 - 365 Biz -  ,13:25 - Nhan sắc mới - Khởi đầu mới -  ,"19:00 - Nhà có Xinê Việt - Vợ ơi, em ở đâu?",18:00 - Gameshow - Việt Nam Top Hits Số 07,,,,,22:00 - Phim hoạt hình - Thuyền trưởng Flinn và đội quận hải tặc - Tập 25,19:30 - Ký sự - Ký sự: Từ những miền quê - Tiếng gọi chim trên rừng Bạch Mã
16:00 - Thời sự 16h -  ,15:30 - Khám phá thế giới - Sức mạnh của tự nhiên - Tập 3,,20:30 - Phim tài liệu - Đằng sau mặt nạ tuồng,18:20 - Bản tin thời tiết -  ,,"19:00 - Phim truyện - Mặt nạ thủy tinh - Tập 61,62",,20:00 - Mẹ ơi tại sao - Mẹ là bạn,19:00 - Phim truyện - Ánh đèn nơi thành thị - Tập 44,13:50 - Gặp nhau để cười -  ,21:00 - 7 nụ cười xuân - Tập 18,18:30 - Phim truyện - Như Giọt Sương Ngủ Muộn Số 04,,,,,22:30 - Phim hoạt hình - Sam siêu đẳng - Tập 50,20:30 - Bữa trưa vui vẻ - Bữa trưa vui vẻ - 02/3/2018
16:15 - Doanh nghiệp với trách nhiệm xã hội - Với người lao động,16:15 - Kiến thức cộng đồng - Khuyến công đồng hành cùng công nghiệp phụ trợ,,21:00 - Bản tin tiếng Việt 21h -  ,18:25 - Bản tin thị trường -  ,,20:30 - Tiểu phẩm hài - Ngũ long công chúa - Tập  196,,20:30 - Bay lên những ước mơ -  ,19:30 - Hương rừng - Hương sắc Tánh Linh,14:00 - Quẳng gánh lo đi -  ,22:30 - Chuyện khó đỡ - Tập 77,19:30 - Phim truyện - Chung Một Mái Nhà Số 20,,,,,23:00 - Phim hoạt hình - siêu nhân vũ trụ - Tập 7,21:30 - Hành trình 24h - Hành trình 24h (12h55) - 02/3/2018
"16:30 - Hộp thư truyền hình - Bộ luật hình sự 2015 với việc phòng ngừa, xử lý tội phạm về kinh tế",16:43 - Thông báo - Ghi ơn -  ,,21:20 - Sức sống thể thao -  ,"18:30 - Phim hoạt hình - Những vũ công xứ sở thần tiên - Tập 33, 34",,20:45 - Ký sự - Biển đông du ký: Quảng Bình - Tập 2,,21:00 - Phụ huynh thế kỷ 21 - Tập 2,19:45 - Ký sự - Bài ca giữ biển - Tập 2: Một ngày cùng cảnh sát biển,14:20 - Mùa vàng bội thu - Quản lý vườn cây ăn trái trong mùa nắng,23:30 - Sao thế giới - Tập 141,20:30 - Gameshow - Bé Làm Người Lớn Số 18,,,,,23:30 - Phim hoạt hình - Nhiệt huyết thần tượng - Tập 35,21:45 - Alo8!8!8! - Alo8!8!8! - 02/3/2018
17:00 - Thế giới kết nối -  ,16:45 - Hành trình khám phá - Quyến rũ vịnh Xuân Đài,,21:25 - Thời tiết du lịch -  ,"19:00 - Phim truyện - Lọ lem thành phố - Tập 61, 62",,21:00 - Thanh âm Việt - Lang thanh,,22:00 - Chinh phục kỳ thi - Vật lý,20:00 - Món ngon mỗi ngày - Cuốn gà xào xốt mè,14:40 - Góc nhìn đa chiều -  ,23:55 - Nuôi dưỡng tâm hồn - Tập 150,21:00 - Phim truyện - Ngũ Thử Đại Náo Đông Kinh 09,,,,,,22:35 - Nào cùng phong cách - Nào cùng phong cách - Số 92 - 02/3/2018
17:10 - Khám phá Việt Nam - Danh thắng đập Đồng Cam,17:00 - Người nông dân hiện đại - Trở lại Lâm Đồng,,21:30 - Talk Vietnam - Câu chuyện khởi nghiệp của Pizza 4Ps,20:30 - Tiểu phầm hài - Ngũ long công chúa - Tập 196,,21:30 - Sống như những đóa hoa - Khát khao những trang sách,,23:00 - Edu Talk - Khi con bị bắt nạt,20:05 - Phim truyện - Mặt trái tình yêu - Tập 18,15:30 - Thời trang phong cách trẻ -  ,,22:00 - Ca nhạc - Yeah1 On Stage Số 12,,,,,,23:15 - Mỗi ngày mỗi chuyện - Mỗi ngày mỗi chuyện
17:20 - Chuyện đô thị - Siết chặt quản lý An toàn PCCC theo thông tư 47 Bộ Công an,17:45 - Sống khỏe mỗi ngày - Điều trị bệnh Béo phì,,22:15 - Điều ước thứ 7 -  ,20:45 - Nông nghiệp xanh Tây Nguyên -  ,,22:00 - Phim truyện - Chhan Chhan xinh đẹp - Tập 28,,23:45 - Giai điệu cuộc sống -  ,20:55 - Phim Sitcom - Lắm người nhiều ma - Tập 12,16:00 - Bản tin -  ,,23:00 - Gia đình tài tử - Số 67,,,,,,
17:35 - Hành trình 24h -  ,18:30 - Chuyển động 24 giờ -  ,,"23:00 - Việt Nam và Thế giới - Ngành khí tượng thủy văn: hội nhập quốc tế, tạo sức bật mới",21:00 - Trang văn hóa -  ,,22:45 - Khám phá thế giới - Thám tử thức ăn - Phần 3,,,21:10 - Gia đình siêu nhân - Số 12,16:10 - Phim truyện - Người thừa kế - Tập 16,,23:30 - Ca nhạc - Ẩm Thực Quanh Ta Số 12,,,,,,
17:45 - Cuộc sống thường ngày -  ,19:00 - Phim truyện - Thiên hạ - Tập 5,,23:30 - Doanh nhân và hội nhập - Khởi nghiệp với ngành công nghiệp không khói,21:15 - Phim tài liệu - Những đứa trẻ Sa Pa,,23:30 - Ca nhạc -  ,,,21:45 - Chuyện làng - Phó thương hàn ở lợn,16:55 - 365 Biz -  ,,,,,,,,
18:20 - Nông nghiệp sạch -  ,19:45 - Phim truyện - Lời hồi đáp 1988 - Tập 73,,,21:30 - Sống như những đóa hoa - Khát khao những trang sách,,,,,22:00 - Ký sự - Người ở lại nông trường,17:00 - Món ngon Phương Nam -  ,,,,,,,,
18:30 - Chuyển động 24h -  ,"20:20 - Sống vui - Bổ sung Canxi sai cách, khiến trẻ bị chậm tăng chiều cao - Phần 2",,,22:00 - Phim truyện - Nữ đặc công X - Tập 27,,,,,22:15 - Khỏe Vui - Bẻ khớp,17:20 - Canh tác thông minh -  ,,,,,,,,
19:00 - Thời sự 19h -  ,20:30 - Người phụ nữ hạnh phúc - Vun đắp yêu thương,,,22:45 - Khám phá thế giới - Cuộc sống ở Nam Thái Bình Dương - Phần 5,,,,,22:30 - Tin cuối ngày -  ,17:40 - VTV kết nối -  ,,,,,,,,
19:40 - Thể thao 24/7 -  ,20:55 - Đẹp 24/7 - Phong cách thời trang Rita Ora,,,23:30 - Ca nhạc -  ,,,,,22:35 - Thư về miền Trung - Thương miền đất mẹ,17:50 - Phim sitcom -  ,,,,,,,,
19:55 - Điểm tin -  ,21:00 - Vào bếp khó gì - Lưỡi vịt sapo và salad củ dền,,,,,,,,23:20 - Khám phá Việt Nam - Nghệ thuật làm tranh đỏ Kim Hoàng,18:00 - Tin tức - Thời tiết -  ,,,,,,,,
20:00 - S - Việt Nam - Hành trình khám phá hòn Thơm,21:15 - Sống như những đóa hoa - Hơn cả một người thầy,,,,,,,,23:35 - Khám phá thế giới - Vườn quốc gia nước Mỹ - Tập 21,18:45 - Sân khấu hài - Cầu vồng lục sắc,,,,,,,,
20:05 - Vì tầm vóc Việt -  ,21:45 - Hành trình khám phá - Độc đáo tháp Chăm Bình Định,,,,,,,,,19:00 - Tiêu dùng thông minh -  ,,,,,,,,
20:10 - Truyền hình Quân đội - Tuổi trẻ Lữ đoàn thông tin 29 với văn hóa giao thông,22:00 - Bản tin 22h00 -  ,,,,,,,,,19:05 - Siêu mẫu nhí -  ,,,,,,,,
20:35 - Thời tiết này đi đâu -  ,22:35 - Phim truyện - Bí mật cây cầu cũ - Tập 179,,,,,,,,,19:25 - Xả Xì Trét -  ,,,,,,,,
"20:45 - Lục lạc vàng - Lục lạc vàng ở Xã Đa Kia, huyện Bù Gia Mập, tỉnh Bình Phước",23:15 - Khám phá thế giới - Sức mạnh của tự nhiên – Tập 1,,,,,,,,,19:50 - Bí quyết phong cách -  ,,,,,,,,
21:30 - Hành trình di sản - Quảng Yên - Bên dòng sông huyền thoại,,,,,,,,,,20:05 - Đấu trường ẩm thực -  ,,,,,,,,
22:15 - Tác phẩm mới - Phía quê,,,,,,,,,,20:25 - Biệt đội tất tần tật -  ,,,,,,,,
22:30 - Studio 3 -  ,,,,,,,,,,20:50 - Sài Gòn đêm thứ Bảy - Chung một nhà,,,,,,,,
22:45 - Cảm ơn cuộc đời - Những phượt thủ kỳ lạ,,,,,,,,,,21:50 - Hương tình yêu -  ,,,,,,,,
23:00 - Dân ca nhạc cổ - Hương sắc quê nhà,,,,,,,,,,22:00 - Luôn có cách để yêu thương - Mê và tín,,,,,,,,
23:30 - Thế giới 24h chuyển động -  ,,,,,,,,,,22:30 - Bác sỹ của mọi nhà -  ,,,,,,,,
23:50 - Ký sự - Từ những miền quê: Nhơn Lý - Chuyện của một ngư dân,,,,,,,,,,22:50 - Bay bổng Phương Nam - Miền cây xanh trái ngọt,,,,,,,,
,,,,,,,,,,23:05 - Nhan sắc mới - Khởi đầu mới -  ,,,,,,,,
,,,,,,,,,,23:30 - Ca nhạc -  ,,,,,,,,
,,,,,,,,,,23:50 - Chuyện gia đình vàng -  ,,,,,,,,
